regime_id,n_cycles,mi_arith,mi_obs,mi_delta,cpr,slf,pig,arith_verdict,obs_case
1,1500,0.0,0.0,0.0,0.0,0.0,1.0,ARITHMETICALLY_CLOSED,CASE_1_TRUE_CLOSURE
2,1500,0.0020235055265681065,0.004535980474862537,0.00251247494829443,0.258,0.00515932034583164,0.9948356856197694,ARITHMETICALLY_CLOSED,CASE_1_TRUE_CLOSURE
3,1500,0.0005421604594551225,0.003395563369289112,0.00285340290983399,0.25066666666666665,0.002168087725247061,0.9963704617809626,ARITHMETICALLY_CLOSED,CASE_1_TRUE_CLOSURE
4,1500,0.0021354716595056774,0.0018237524244341795,-0.00031171923507149787,0.21066666666666667,0.0006621092952715265,1.0035566855689981,ARITHMETICALLY_CLOSED,CASE_1_TRUE_CLOSURE
