regime_id,shift_k,n_cycles,aii_base,aii,aii_delta,cpr,pig,slf,slf_db,frac_attractor_changed,e_field_shift,coupling_mean,coupling_max,coupling_nonzero,r_coupling_computed,n_transitions,mean_delta_comp_at_trans,mean_delta_mod_at_trans,regime_class
1,12,2000,0.5361912297764438,0.5376201833859044,0.0014289536094606037,6.64507104221117e-05,1.00807490567774,0.00014569968046379352,-38.365414006868626,0.0265,-0.6290000000000013,10.483,32,1651,0.9667890039991259,113,1154.0176991150443,1163.3362831858408,REGIME_1_NO_PENETRATION
2,10,2000,0.5361912297764438,0.541631686753499,0.005440456977055197,0.001013045701963328,1.0321922640409804,0.002410914232899117,-26.178182391626446,0.068,-1.3115000000000023,43.2725,129,1841,0.9691756918574406,113,1154.0176991150443,1191.1681415929204,REGIME_1_NO_PENETRATION
3,8,2000,0.5361912297764438,0.555914702226447,0.019723472450003166,0.013597702151667024,1.1292291647495476,0.03897106470409638,-14.092577289571826,0.182,-4.1465,174.521,517,1932,0.9694093117520693,113,1154.0176991150443,1303.1504424778761,REGIME_2_LINEAR_BLEED
